"path","hash","referenced","size"
"assets/characters/civilian_04.png","5bb96c9ed34a6798b664b458002c358659f47d27f5b42a3de390d62457de59f0","False","1304"
"assets/characters/civilian_05.png","b9f4a6c79e16d8c8045bba8ba004cd8d8737e256f09797efc157322d2cc781dd","False","1282"
"assets/characters/civilian_06.png","7230819ee86c3fe8e65c13259773a5fe55e6b25fc18eee1b978a0b14e7aae486","False","1296"
"assets/characters/civilian_07.png","c02d3cf02053af7787985b8ed5a4d95061ed8826a1031ae5c361c4a114e6ec8a","False","1311"
"assets/characters/civilian_08.png","cc9df4ca8702174609b733d37853b8ad6399c3181c6dddb3f3bec00b821128d4","False","1278"
"assets/characters/civilian_09.png","31a4287c6723b69ac44622f3f4ee797142e0a4da2e6111efc2292039cdd9244a","False","1301"
"assets/characters/civilian_10.png","09e901a81607f5f09a9f93061de2b9f4048cbf6380e413733e4ada10687f40bf","False","1308"
"assets/characters/cult_leader_01.png","3d04a067b9478172cf6dba08c41030b94c00cd4dd5cb2f5bbdd82c76800fa83c","False","2065"
"assets/characters/cultist_04.png","b14a40e49e124599ef943cc6e901741f49200c4c3b0c32349a140eef50223fbf","False","1346"
"assets/characters/cultist_05.png","70daa8b5e0130666161a73cd8cc298b03c68ba6a708a59f50b7a2e86a7c44eb8","False","1351"
"assets/characters/cultist_06.png","fbf4cf02cc2ccb4b6f369e52fbae72f0b3ad829054282192d480d4facc776ecd","False","1337"
"assets/characters/shadow.png","7ffd719ae7ecee03cd48468d1c97eeeb0ae2fd9741394f692fae6f100772e75a","False","493"
"assets/characters/skeptic_04.png","eff202167564f869deed8c3fa12ec4ae69b372ffa04acf5352af6da6c41c4439","False","1524"
"assets/sprites/characters/civilians/civilian_01.png","be6914be003a57308d188f4cc9dc5382881bdd49ac7cd342fb2fa9a44b938e19","True","5247"
"assets/sprites/characters/civilians/civilian_01_var_cool.png","44f26851e5e446dbd0b12ead451c5c346a93fb1d7579f804aacc1266ab52423e","False","5187"
"assets/sprites/characters/civilians/civilian_01_var_warm.png","14dd0f6a602f3c7766a0e9983c46275a0c114ff206c2f6453949e62641a3bb20","False","5195"
"assets/sprites/characters/civilians/civilian_02.png","4471bee6e08e30c7356211752addc6551baaece38271268041d3c2477016303b","False","4888"
"assets/sprites/characters/civilians/civilian_02_var_cool.png","d60180333bbf4ff724cc4d86e55150445fcbd4071184e038eaab02c0698e0118","False","4826"
"assets/sprites/characters/civilians/civilian_02_var_warm.png","fc44339c07e99bc22e97e7a187886b9cb39adca6a93bc742fee9e2b4a4fa2afe","True","4834"
"assets/sprites/characters/civilians/civilian_03.png","1f6b88dd8274be3a55c43e98fecc7c9ec04b0c62c7e41978843a7d109f2ad508","True","5355"
"assets/sprites/characters/civilians/civilian_03_var_cool.png","6b19800ee3efa18643f1f171288da2a53a3608b7f78452e269e5e4060b1d86ca","False","5264"
"assets/sprites/characters/civilians/civilian_03_var_warm.png","5de44c593bfba79998a826afeb9df1bbec9280998fbcee97f3cff502db9b5742","False","5248"
"assets/sprites/characters/civilians/civilian_04.png","3e986ea2d6dda144a62484724f6ed8a9f0325b0641974154badf252a7e1a8e44","False","5224"
"assets/sprites/characters/civilians/civilian_04_var_cool.png","9175c6466cd7e6f5a95c3f5cdfd2c4ff212209bbcb00974026d8e5800d92d11e","False","5114"
"assets/sprites/characters/civilians/civilian_04_var_warm.png","2eeccd2f501869e25524a781424968195c46bbbec141798504759a4781d9c8fb","False","5124"
"assets/sprites/characters/civilians/civilian_05.png","52ff775e57f9854f025e1d8c370e4b8cf7d79b1cf5aa41bff91404ce373c4b68","True","4980"
"assets/sprites/characters/civilians/civilian_05_var_cool.png","8c341e7a4b7a99f2a2a5f83361da8b32e32c9aceec49fb1974d9bf861583eacd","False","4899"
"assets/sprites/characters/civilians/civilian_05_var_warm.png","4b9168b7ccb72baa9595122e9667923655cf3b22b2d221f0bcef229bb57b778d","False","4890"
"assets/sprites/characters/civilians/civilian_06.png","66e6250aa086e566235b6c6d925533e44cc9da85b8042fbdcae7ffaa2463029c","False","5368"
"assets/sprites/characters/civilians/civilian_06_var_cool.png","eed69cd41ebb5d7e06f1332d86f8fb5625581c8a2d51035e2f3420cbdd87d163","True","5225"
"assets/sprites/characters/civilians/civilian_06_var_warm.png","119f48fa4357780c9529611d32930c2374a7791eb2501f6ed988ac2cd988327b","False","5202"
"assets/sprites/characters/civilians/civilian_07.png","8991ad15496c0cf0f380506070caaef1b65ba4247fce0311aad85c1e363f6a5b","True","5267"
"assets/sprites/characters/civilians/civilian_07_var_cool.png","67c87744f36d38d3791b28305262a59c6cfd1b33972b108cca6576bc07adb655","False","5217"
"assets/sprites/characters/civilians/civilian_07_var_warm.png","759ec3ba6db601a22e77f5fecb87e4f9aef57bcfffe72d89da3bbea19897550b","False","5230"
"assets/sprites/characters/civilians/civilian_08.png","3a416a7c08c4e5df9e3297d5cd4db9cbdca8faf360059e269147142dde91b401","False","5013"
"assets/sprites/characters/civilians/civilian_08_var_cool.png","4c3ba82f57b897b41e738293e4935ccdfff85f590e8dfa712c0d44fd3a40d804","False","4977"
"assets/sprites/characters/civilians/civilian_08_var_warm.png","4c7862541530574e027451db57659a6c17bf22aa4dfc103d8967253bfec50672","False","4955"
"assets/sprites/characters/civilians/civilian_09.png","c42e2b02a479fe9b5c0ce02a352ec542beba8f02cc30cc6b363f9477773a5017","True","5308"
"assets/sprites/characters/civilians/civilian_09_var_cool.png","c2757d906a1db06745e8eb5c35cd9e3ff100c35192aa1084d7ff1db703cb07d8","False","5220"
"assets/sprites/characters/civilians/civilian_09_var_warm.png","30107370e374f695c8dc4bd65d5dbaa13ed46559149e27a8cfdb229e794dbd88","False","5211"
"assets/sprites/characters/civilians/civilian_10.png","4d80fae204ad0c4d9913011becf6591addbad13974439836aee5acc6318c5b6b","False","5186"
"assets/sprites/characters/civilians/civilian_10_var_cool.png","c7377bb3492c6615b3c5575af79dff952d250b62c12c25119ba47e9c14a93c03","False","5116"
"assets/sprites/characters/civilians/civilian_10_var_warm.png","b5bb79cef84132ebcab985ae7f37e271f4485dde981c38d9538f6a91f417a87f","False","5143"
"assets/sprites/characters/cultists/cultist_01.png","98703b2276307f4c50c9afbeb71accaf59530d6f308d24100bd4b0cb267a4f99","True","4908"
"assets/sprites/characters/cultists/cultist_01_var_cool.png","9630e068f71116e32e5cf6fb1710b00484e25b7e392e9d47c8d42d88e043ed8c","False","4904"
"assets/sprites/characters/cultists/cultist_01_var_warm.png","e5b2539441fbb48c878d4b46d476ea94bdb352ebfd8422bdff4527e2a72c3140","False","4935"
"assets/sprites/characters/cultists/cultist_02.png","50128449a3857ea94f2ec579124ab837f08f42aaef71640db15e7d1de6df859c","True","4888"
"assets/sprites/characters/cultists/cultist_02_var_cool.png","f8ce1e6d8946631a86fdd32e4bc96f66634b6e80a3c5147c078cea96dd35291f","False","4887"
"assets/sprites/characters/cultists/cultist_02_var_warm.png","e7a7ff5194648f4de5299811268fe5436af2bcbb73c906d66a675a16627999ea","True","4910"
"assets/sprites/characters/cultists/cultist_03.png","1fbdc1339f0c0f118df0fce87ba3fc9f83af3cb2c11b9634172497b56dba18cb","True","4901"
"assets/sprites/characters/cultists/cultist_03_var_cool.png","efb2760c77563cfd27a0aea46f1656c5efbc21c9a1cad8a53de2ce77ed38d6df","False","4891"
"assets/sprites/characters/cultists/cultist_03_var_warm.png","5c246b3d0173880ee739c5982b0b3c35fcbc9d65a1255479d0abfe36badfad5f","False","4913"
"assets/sprites/characters/cultists/cultist_04.png","f47cc44dd2e0ad5f027c3c8a3580b8fcdc013b8197837413c82fa1bc90ce7abf","True","4939"
"assets/sprites/characters/cultists/cultist_04_var_cool.png","5acccd4c2efe7b6697026c0ed4d49b1b1d068753686581b51768ac1c9d9fcd7f","False","4923"
"assets/sprites/characters/cultists/cultist_04_var_warm.png","fc5d03530d7c727d723e82cca4e8e140cc1e8efc5dc10cda1d36ee27d3e81563","False","4935"
"assets/sprites/characters/cultists/cultist_05.png","c963c2da4c8e64219a6b86c01efd03e46a88bd894947e44d648e9c12b20dd513","True","4922"
"assets/sprites/characters/cultists/cultist_05_var_cool.png","4ac77f56824dfc7905baf399fe6a764a412c50f1621c70e884f45b887cdcc7b3","False","4896"
"assets/sprites/characters/cultists/cultist_05_var_warm.png","5434d9efe1867e93ab113758fe48547b6477ea439c05277004d1ad48f55fb4e9","False","4919"
"assets/sprites/characters/cultists/cultist_06.png","41ba55324d1271446403b278f9a39a2a01e4b7270bf91713418983692cd50fe6","False","4915"
"assets/sprites/characters/cultists/cultist_06_var_cool.png","ac25d342a8e39edb5b13db3b728b65efc5741c555d1af6cf6a9920c9b81a6725","True","4906"
"assets/sprites/characters/cultists/cultist_06_var_warm.png","61d392f1e0a00a513df513f2e551e90fd730be8dc42d1fbc3326c5fc993d6025","False","4934"
"assets/sprites/characters/prophets/prophet_01.png","46a28f4421feef3f3ad716f91532c4010717a7824037477fafb6118b688d422f","True","6831"
"assets/sprites/characters/prophets/prophet_01_var_cool.png","3a81f6240a4cafac3fb370fcf1057c2b53cb2c694c8294361b29a1d3a1b47d1b","True","6831"
"assets/sprites/characters/prophets/prophet_01_var_warm.png","a3019ae9a28753914b1ac5af6dcbd057e198415f2e784eb98b518bf71bef7394","True","6774"
"assets/sprites/characters/prophets/prophet_02.png","ddd27c3643a53b81b3650c02ccbeb039325fbd253f96cb8dabf03eef871a9b9b","True","6830"
"assets/sprites/characters/prophets/prophet_02_var_cool.png","25456605c2b39015eefdc4731efea1c3bd9934bb7acc8dc19495f3453d381129","False","6820"
"assets/sprites/characters/prophets/prophet_02_var_warm.png","43b08a1234c6742807b421d24470649e95eb78cd1b07f2b43d5a2aca2d3ecd9f","True","6755"
"assets/sprites/characters/prophets/prophet_03.png","52167846956e03c867e1ea7e2e47a7774b1e9b5dcc4305e29aa15296eb8afeee","True","6379"
"assets/sprites/characters/prophets/prophet_03_var_cool.png","05e9f251affadcde02243b8705d85a4af0fc76586af154b5348fdaeb9ec7412e","True","6383"
"assets/sprites/characters/prophets/prophet_03_var_warm.png","d1b4cb0947189c30f2a61bae4d1c08e5b7c290d408137a94ad32bf239051a19d","False","6290"
"assets/sprites/characters/shadow.png","ff7a0e5d53cda2919610b1022c72441938ec0eeb64624f9e176fb7d2bfb6bf44","False","401"
"assets/sprites/characters/skeptics/skeptic_01.png","033def89ebabad3cf2ee1e1253e8179dc008ebbbdf6cd60153c6bf389a536db1","True","4512"
"assets/sprites/characters/skeptics/skeptic_01_var_cool.png","8760f81b4e6fa061dfae24a0ea2ac3b448ed2cfb22ea5a2dd84b487fdcfc3154","False","4524"
"assets/sprites/characters/skeptics/skeptic_01_var_warm.png","502ccd7050f2191b82fa11e292fc16c5db1660dffc7f2a72e93ab38b2bcf01ab","True","4510"
"assets/sprites/characters/skeptics/skeptic_02.png","f4ef13a4be0d188c1121e6ae2f3dbb028cdf68bef526b43cb24e06c1303eb18d","True","4252"
"assets/sprites/characters/skeptics/skeptic_02_var_cool.png","44a903281facf8c7187cdb44f3d9353c36939ef9aa806cee4ca7f84d0389671f","True","4265"
"assets/sprites/characters/skeptics/skeptic_02_var_warm.png","23723e64426635925deae9aeb4ecf8c4ce20cd25238a9e15925e332ca14abe20","False","4256"
"assets/sprites/characters/skeptics/skeptic_03.png","c0589ba266fcc1fd991e878f36146db1e57ba040bb722d3369f1b2930b82cc9c","True","4587"
"assets/sprites/characters/skeptics/skeptic_03_var_cool.png","2f0707af2de8673b9d610ccf29dc34401e92032d1c3a7107db9422511d4375d7","False","4586"
"assets/sprites/characters/skeptics/skeptic_03_var_warm.png","e6eb130f73ea10cd7a5111c9766d2946f61b5b3da2940c0f31f255b277bd82be","False","4505"
"assets/sprites/characters/skeptics/skeptic_04.png","230023da11a628779467236b1949952cd94d19d1e52da4009605f2dada8d14d3","True","4501"
"assets/sprites/characters/skeptics/skeptic_04_var_cool.png","1d735b1b798201f451ef02243e0c130d0de3feb23e5aa4f0d3d093760b9c8f26","False","4479"
"assets/sprites/characters/skeptics/skeptic_04_var_warm.png","ae8bafd84f951fca76848fd713ca50003dc598167c2c9f88cc7482a3bd4dcc80","True","4492"
